-- MySQL Administrator dump 1.4
--
-- ------------------------------------------------------
-- Server version	5.1.73-community


/*!40101 SET @OLD_CHARACTER_SET_CLIENT=@@CHARACTER_SET_CLIENT */;
/*!40101 SET @OLD_CHARACTER_SET_RESULTS=@@CHARACTER_SET_RESULTS */;
/*!40101 SET @OLD_COLLATION_CONNECTION=@@COLLATION_CONNECTION */;
/*!40101 SET NAMES utf8 */;

/*!40014 SET @OLD_UNIQUE_CHECKS=@@UNIQUE_CHECKS, UNIQUE_CHECKS=0 */;
/*!40014 SET @OLD_FOREIGN_KEY_CHECKS=@@FOREIGN_KEY_CHECKS, FOREIGN_KEY_CHECKS=0 */;
/*!40101 SET @OLD_SQL_MODE=@@SQL_MODE, SQL_MODE='NO_AUTO_VALUE_ON_ZERO' */;


--
-- Create schema privacy
--

CREATE DATABASE IF NOT EXISTS privacy;
USE privacy;

--
-- Definition of table `group`
--

DROP TABLE IF EXISTS `group`;
CREATE TABLE `group` (
  `group_name` varchar(45) NOT NULL,
  PRIMARY KEY (`group_name`)
) ENGINE=InnoDB DEFAULT CHARSET=latin1;

--
-- Dumping data for table `group`
--

/*!40000 ALTER TABLE `group` DISABLE KEYS */;
INSERT INTO `group` (`group_name`) VALUES 
 ('Group1'),
 ('Group2');
/*!40000 ALTER TABLE `group` ENABLE KEYS */;


--
-- Definition of table `log`
--

DROP TABLE IF EXISTS `log`;
CREATE TABLE `log` (
  `user` varchar(45) NOT NULL,
  `filename` varchar(45) NOT NULL,
  `group` varchar(45) NOT NULL,
  `status` varchar(45) NOT NULL,
  `date` varchar(45) NOT NULL
) ENGINE=InnoDB DEFAULT CHARSET=latin1;

--
-- Dumping data for table `log`
--

/*!40000 ALTER TABLE `log` DISABLE KEYS */;
INSERT INTO `log` (`user`,`filename`,`group`,`status`,`date`) VALUES 
 ('mani','got.txt','Group1','Updated','2014-10-13 10:26:59'),
 ('nadanapathy','readme.txt','Group2','Upload','2014-11-06 11:08:26'),
 ('nadanapathy','readme.txt','Group2','Upload','2014-11-06 11:10:02'),
 ('nadanapathy','readme.txt','Group2','Download','2014-11-06 11:11:04'),
 ('nadanapathy','readme.txt','Group2','Deleted','2014-11-06 11:46:57'),
 ('nadanapathy','readme.txt','Group2','Upload','2014-11-06 11:57:26'),
 ('nadanapathy','readme.txt','Group2','Updated','2014-11-06 11:58:15'),
 ('nadana','readme.txt','Group2','Upload','2014-11-06 13:23:47'),
 ('nadana','readme.txt','Group2','Download','2014-11-06 13:24:07'),
 ('nadana','readme.txt','Group2','Download','2014-11-06 13:24:51'),
 ('nadana','readme.txt','Group2','Updated','2014-11-06 13:25:47'),
 ('nadanapathy','readme.txt','Group2','Upload','2014-11-06 13:32:13'),
 ('mani','titles.txt','Group1','Upload','2015-07-20 16:33:26'),
 ('mani','titles.txt','Group1','Download','2015-07-20 17:01:30'),
 ('mani','titles.txt','Group1','Updated','2015-07-20 17:27:45'),
 ('test','titles.txt','Group1','Download','2015-07-20 18:42:47'),
 ('test','got.txt','Group1','Download','2015-07-20 18:43:14'),
 ('venkat','testing.txt','Group1','Upload','2015-07-21 10:49:31'),
 ('venkat','testing.txt','Group1','Download','2015-07-21 10:49:50'),
 ('venkat','testing.txt','Group1','Updated','2015-07-21 10:51:44'),
 ('venkat','testing.txt','Group1','Deleted','2015-07-21 10:56:29'),
 ('venkat','web_titles.txt','Group1','Upload','2015-07-21 10:56:46'),
 ('venkat','web_titles.txt','Group1','Download','2015-07-21 10:57:17'),
 ('venkat','web_titles.txt','Group1','Updated','2015-07-21 11:03:10'),
 ('venkat','web_titles.txt','Group1','Download','2015-07-21 11:03:30'),
 ('ganesh','accept.java','Group1','Upload','2017-03-09 10:40:19'),
 ('ganesh','accept.java','Group1','Download','2017-03-09 10:43:37'),
 ('ganesh','accept.java','Group1','Updated','2017-03-09 10:44:05'),
 ('shiva','block.java','Group1','Upload','2017-03-09 10:55:06'),
 ('shiva','block.java','Group1','Download','2017-03-09 10:55:14'),
 ('shiva','block.java','Group1','Updated','2017-03-09 10:55:49'),
 ('ganesh','block.java','Group1','Updated','2017-03-09 14:54:14'),
 ('ganesh','block.java','Group1','Updated','2017-03-09 14:54:33'),
 ('ganesh','accept.java','Group1','Updated','2017-03-09 15:06:58'),
 ('ganesh','accept.java','Group1','Download','2017-03-09 15:07:23'),
 ('ganesh','','Group1','Upload','2017-03-09 15:28:41'),
 ('ganesh','','Group1','Upload','2017-03-09 15:29:29'),
 ('ganesh','meta.java','Group1','Upload','2017-03-09 15:37:10'),
 ('ganesh','meta.java','Group1','Download','2017-03-09 15:38:10'),
 ('ganesh','meta.java','Group1','Updated','2017-03-09 15:39:30'),
 ('ganesh','search.java','Group1','Upload','2017-03-09 15:48:17'),
 ('ganesh','search.java','Group1','Download','2017-03-09 15:48:40');
/*!40000 ALTER TABLE `log` ENABLE KEYS */;


--
-- Definition of table `reg`
--

DROP TABLE IF EXISTS `reg`;
CREATE TABLE `reg` (
  `user` varchar(45) NOT NULL,
  `pass` varchar(45) NOT NULL,
  `group` varchar(45) NOT NULL,
  `email` varchar(45) NOT NULL,
  `mob` varchar(45) NOT NULL,
  `place` varchar(45) NOT NULL,
  `status` varchar(45) NOT NULL,
  `group_sign` varchar(45) NOT NULL
) ENGINE=InnoDB DEFAULT CHARSET=latin1;

--
-- Dumping data for table `reg`
--

/*!40000 ALTER TABLE `reg` DISABLE KEYS */;
INSERT INTO `reg` (`user`,`pass`,`group`,`email`,`mob`,`place`,`status`,`group_sign`) VALUES 
 ('mani','mani','Group1','mani@gmail.com','958548564','Pondicherry','YES','z6NAMZ5/PeE='),
 ('nadanapathy','123','Group2','nadanapathy.bluish@gmail.com','9876545343','pondicherry','YES','wA2KPuI89ks='),
 ('pathy','123','Group2','nadanapathy.bluish@gmail.com','9874564165','pondicherry','YES','wA2KPuI89ks='),
 ('nadana','123','Group2','nadanapathy.bluish@gmail.com','9874563210','pondicherry','NO','wA2KPuI89ks='),
 ('test','123','Group1','testjpinfotech@gmail.com','9874563211','chennai','YES','z6NAMZ5/PeE='),
 ('venkat','123','Group1','venkatjpinfotech@gmail.com','9874563211','chennai','YES','z6NAMZ5/PeE='),
 ('ganesh','ganesh','Group1','ganesh@gmail.com','1234569870','pune','YES','z6NAMZ5/PeE='),
 ('shiva','shiva','Group1','shiva@gmail.com','78965413230','pune','NO','z6NAMZ5/PeE='),
 ('pratik','pratik','Group2','pratik@gmail.com','9797646431','pune','NO','wA2KPuI89ks='),
 ('ganesh','ganesh','Group1','ganesh@gmail.com','1234567890','pune','NO','z6NAMZ5/PeE=');
/*!40000 ALTER TABLE `reg` ENABLE KEYS */;


--
-- Definition of table `upload`
--

DROP TABLE IF EXISTS `upload`;
CREATE TABLE `upload` (
  `filename` varchar(45) NOT NULL,
  `data` text NOT NULL,
  `date` varchar(45) NOT NULL,
  `key_` varchar(45) NOT NULL,
  `gro` varchar(45) NOT NULL,
  `user` varchar(45) NOT NULL,
  `id` int(10) unsigned NOT NULL AUTO_INCREMENT,
  PRIMARY KEY (`id`)
) ENGINE=InnoDB AUTO_INCREMENT=22 DEFAULT CHARSET=latin1;

--
-- Dumping data for table `upload`
--

/*!40000 ALTER TABLE `upload` DISABLE KEYS */;
INSERT INTO `upload` (`filename`,`data`,`date`,`key_`,`gro`,`user`,`id`) VALUES 
 ('got.txt','4Al1qf3cDLDiV3VS84WgAmJSwTZDLamXQS/8j+O/WVOeff41+WB4Bqd5ljkoOakFg1dpz/9gQF3gCXWp/dwMsOAJdan93Ayw4Al1qf3cDLCp/1iP0BS4+OZ3uXEGCXhaLk9X+DyltV7gCXWp/dwMsOAJdan93Ayw4Al1qf3cDLBpK1pPuOOLrC5PV/g8pbVe4Al1qf3cDLDgCXWp/dwMsOAJdan93Ayw4Al1qf3cDLD3PwsRRdFbZVJ0WeLK76QmDIUDalabJ7f13AqcLVvTrCjPnErtcxTmezCvN8Mz9e5sRyZAU93nI+AJdan93Ayw4Al1qf3cDLDgCXWp/dwMsOAJdan93AywvyOa8dV8CTI50SMb5mVCzJKU/ZGjcIBpgxCLcyA9rslsRyZAU93nI+AJdan93Ayw4Al1qf3cDLDgCXWp/dwMsOAJdan93AywgBsKWQVjjcTfT07RUUoJ3bB0cQONjUW9vZwETZ33qx7wdUQ6FrHIf8OQTvjfZUp6cE71e6fM1zoHhG5OIYwHt69+yNwfUvqRe06J0fSDI7Pq7UmjxUvD79L9L1dW6HtW4Al1qf3cDLDgCXWp/dwMsOAJdan93Ayw4Al1qf3cDLDwIjtm86XLCKqzebU/dyxN3JjBkdQH2duTZpmNeoDuO6Ou+qsVhKLtbEcmQFPd5yPgCXWp/dwMsOAJdan93Ayw4Al1qf3cDLDgCXWp/dwMsO0Ot6JbqED8srvwwZ0IqFIwnnEZ3tZImFU2sIY0QWeDxKiH2Z+TQiLgCXWp/dwMsOAJdan93Ayw4Al1qf3cDLDgCXWp/dwMsMkEMpwN4U+TlOYqH67uLi1Q0p5S/hvO7KDRb8iGqEgh4Al1qf3cDLDgCXWp/dwMsOAJdan93Ayw4Al1qf3cDLCd7afxhQpL8m2ifUH9rKXF54+gunU7n8wvc0eMkobP6+AJdan93Ayw4Al1qf3cDLDgCXWp/dwMsOAJdan93AywKPbq1KTLzoj9sDgAuxu/kv5+epS2sR8vt0ClyqGtwbbgCXWp/dwMsOAJdan93Ayw4Al1qf3cDLDgCXWp/dwMsBvex/BqMq2amREEfwVoYLZt+b1LFc4eGeAJdan93Ayw4Al1qf3cDLDgCXWp/dwMsOAJdan93Ayw4Al1qf3cDLCg8YwbaWVLc+Rc8HiR2yPP4Al1qf3cDLDgCXWp/dwMsOAJdan93Ayw4Al1qf3cDLDinKLv7KN0MRl7x6dyDcicxMeUoJCG0HtsRyZAU93nI+AJdan93Ayw4Al1qf3cDLDgCXWp/dwMsOAJdan93AywOEvKGGeDNwVHRaQgq8W0sl6/P77e8xuJJ3QvsNZcpWZcCkZgBsZoz2xHJkBT3ecj4Al1qf3cDLDgCXWp/dwMsOAJdan93Ayw4Al1qf3cDLCY5OSSzxMP6yBe39DXnX9t4Al1qf3cDLDgCXWp/dwMsOAJdan93Ayw4Al1qf3cDLCtHjNbIhJkFrWrcfX2sn2xgJv0uZT3NKjgCXWp/dwMsOAJdan93Ayw4Al1qf3cDLDgCXWp/dwMsOAJdan93AywvIwUjtFyTmSzOC55qAqciDVbrJQkyfXFt+aJxZElkzXeT4JIBaRPR2xHJkBT3ecj4Al1qf3cDLDgCXWp/dwMsOAJdan93Ayw4Al1qf3cDLBNATIXml7eOZ+zK4u6ev6MHLV3qpUio5GMteFoRPQx2eAJdan93Ayw4Al1qf3cDLDgCXWp/dwMsOAJdan93Ayw4Al1qf3cDLB2mLboHk48acmS48o3Scawxz5NMStIYwGZfx2I1C7UM+AJdan93Ayw4Al1qf3cDLDgCXWp/dwMsOAJdan93Ayw4Al1qf3cDLDIMBu8/QulkM6scRe6KJCq9tiwh8Cu2at0Ls7/06kfQBLihHWOcQDE4Al1qf3cDLDgCXWp/dwMsOAJdan93Ayw4Al1qf3cDLDgCXWp/dwMsKEQwDn0PqmwYww+Dey239pAqpUMjxXKx5fDJ6skpKteLk9X+DyltV7gCXWp/dwMsOAJdan93Ayw4Al1qf3cDLDgCXWp/dwMsOKcou/so3QxQnWpIFDf+ZPwZCJs0VHg0Xr5rlWWANqazgYnc5FstZwFsUHSRBn694MLkp7cvZXxUi790XMLX9yvSYWMhw1dQ7f3lkfl2dUyZSicr9gKQzWBQyakFCNjWtaoVPKSIFVZK8s1HWfzWtDymOnz6KF9hxBq96+M9uy0eFm6PlJI6oj9cp9N7q3MAAEaDygWWaEyidR+C1RLkSAuyVlZH6RW/JWWGBi4CG6PKW6UIYVceU9HGkyPSWtiuGxHJkBT3ecj4Al1qf3cDLDgCXWp/dwMsOAJdan93Ayw4Al1qf3cDLBYRa71s5uZm7YlRHrtrjgWWCqSL+K9tKr8p2jFkZV6LE6hWHEyZblTGiJxrSnxArNjrnQ7xfMXvi5PV/g8pbVe4Al1qf3cDLDgCXWp/dwMsOAJdan93Ayw4Al1qf3cDLDACGKlvjDeozeFjucdU08bDip0yRcHfuci2u771oliGae5kdVfQopnNS9Ci7sxEWIT+g61FEBexp90YRHZOonAbEcmQFPd5yPgCXWp/dwMsOAJdan93Ayw4Al1qf3cDLDgCXWp/dwMsA11jRjZlOPLIlDmJBdw77M5SB2L/XjCP/l7Mgro5oyewwcCJm1h46jgCXWp/dwMsOAJdan93Ayw4Al1qf3cDLDgCXWp/dwMsOAJdan93Ayw2OzrzWvtBGhvdGaEoVd4t2O39zD3RQ/BbEcmQFPd5yPgCXWp/dwMsOAJdan93Ayw4Al1qf3cDLDgCXWp/dwMsOAJdan93Ayw5AVAB1MZB8iZLlAmq0AZJmxHJkBT3ecj4Al1qf3cDLDgCXWp/dwMsOAJdan93Ayw4Al1qf3cDLCLQMwD0BJeWj7Ne1Ny0kwL4Al1qf3cDLDgCXWp/dwMsOAJdan93Ayw4Al1qf3cDLDgCXWp/dwMsFP/RRBS5FPPTBKKe/rhtbeG7MclXFHJNOrRCJic2DizYFYo7xmqOAyFoigd9gJTL8WOm0u8h+n2fEGDl3IvNZvgCXWp/dwMsOAJdan93Ayw4Al1qf3cDLDgCXWp/dwMsOAJdan93Aywnf/Kh8xCOv8sMQ7/GH1gaFWpN+hJ3Fg4Lk9X+DyltV7gCXWp/dwMsOAJdan93Ayw4Al1qf3cDLDgCXWp/dwMsOAJdan93Aywe7BpyJoJIOfAszK9TRCaYT95HPjtEsmaecFpQfBkOvF8QYOXci81m+AJdan93Ayw4Al1qf3cDLDgCXWp/dwMsOAJdan93Ayw4Al1qf3cDLANIvlML6Ltk/m0JB9/lCrL73f4XkSxy64qth4dUkY4Ud0m6Za7ruRU4Al1qf3cDLDgCXWp/dwMsOAJdan93Ayw4Al1qf3cDLDgCXWp/dwMsOAJdan93AywTAwNviVLWk4s2S288hA94munS2iXnj8t3Sbplruu5FTgCXWp/dwMsOAJdan93Ayw4Al1qf3cDLDgCXWp/dwMsOAJdan93Ayw4Al1qf3cDLBMDA2+JUtaTizZLbzyED3ifL/UBK5tMeoHJtx1tuS3Rwcm3HW25LdHB6JgixH9ETZ+uahGZx8QhYJitIsXKnHt4Al1qf3cDLDgCXWp/dwMsOAJdan93Ayw4Al1qf3cDLDgCXWp/dwMsLfNAjsVv+BG4Al1qf3cDLDgCXWp/dwMsOAJdan93Ayw4Al1qf3cDLDgCXWp/dwMsOAJdan93AywQnrBlVU8e2Lj38id8Wqw3i5PV/g8pbVe4Al1qf3cDLDgCXWp/dwMsOAJdan93Ayw4Al1qf3cDLDgCXWp/dwMsMyj1GmkrCs74Al1qf3cDLDgCXWp/dwMsOAJdan93Ayw4Al1qf3cDLDgCXWp/dwMsCXLFkRLSuCZ4Al1qf3cDLDgCXWp/dwMsOAJdan93Ayw4Al1qf3cDLBCmRSiK+P0zt9vgIoZxLBFbEcmQFPd5yPgCXWp/dwMsOAJdan93Ayw4Al1qf3cDLDgCXWp/dwMsA11jRjZlOPLEhOo2/IAcNrOLKk6nCHK68ZK1Lkehr5g4Al1qf3cDLDgCXWp/dwMsOAJdan93Ayw4Al1qf3cDLArRVQaUR8ORWxHJkBT3ecj4Al1qf3cDLDgCXWp/dwMsOAJdan93AywaQn+QL3JojcGj9ez/64fSq+MGAUBiIIYHp5WdWbGsuxf7cDcdQlnqOAJdan93Ayw4Al1qf3cDLDgCXWp/dwMsOAJdan93Aywk2b/oJeHK0tF+KtAoy2kHnyrHbTKn59o9NPn+HeQYNj88zXdQZoZwKCTXgvATfJQywCuqFIMagbQN908Kfu0a4EkES0uIx03pmPYN3puARnBPAUTzxBa3k7ULocPy5Tw4Al1qf3cDLDgCXWp/dwMsOAJdan93Ayw4Al1qf3cDLBq66c48N1uKM9lWrrtEAbPUjou5riB9YCCkyUyUhZiBFosmH9zu32j8QW3giOizjG/8TK/KkAufATLlbNX6WaZaT795+kC6z6oiln7ZezcSTW9mcsvFz8NELTL7MTE3AXgCXWp/dwMsOAJdan93Ayw4Al1qf3cDLDgCXWp/dwMsE/AbGMN736WLk9X+DyltV7gCXWp/dwMsOAJdan93AywYgzJT5ltsJ4cosy7U6Iqx6ZS2x6Zg+Ne','2014/Oct/10 13:52:45','RhXJuxk1sqI=','Group1','mani',7),
 ('readme.txt','qL47Dw99tF5xF7j0apw4ZBBnoA4rN4/aSJTp1x8jyW/Ffn8b5LfeosjxwFAGhZRL0UT536hq5UazPKu92HPumrFg/96ZoXFJBckohTW6J0yyiGA+dWmS7D6TIl3wWkZUMjfkgieUTjvyl2GZtdwO6DHJWq3FdvV0Wo7J8l1tynN5sp3cu2lr1cAcbOR7IstHrUA8jmbxr5QQ7BDqtmWTW2h3IIR933sezw5ouxH+zVh87CHcR6errBaVz+r6CiP+d0pAu8veNIM/lZIz16Qfb8xq8G9SgwbMTBCAzQOZbNuCfgOSkip5MA==','2014/Nov/06 11:08:26','o0nxR1fFy6049JEXW4a8ng==','Group2','nadanapathy',10),
 ('readme.txt','IORaUepyPY9rmC//xTgMtnek5ezgmHEbNuiXPtu17VZdZ3B+cmOhzzrS1QwbCxO51E1P6+OCaaxQlDLbARc4iZWEKku3awGx1gIwCRm2H2exIJ7CD1vJOMSbyoO/mRuh5LKadOiFVHV2eZ0srBNUYDlt5TFzeP3bWVlqMGiZIT+AGwpZBWONxGnaE5tN+BGZ+jwv+mKGnbMk3v0C3L0FK0pxpZVPYZ9SHSWFEOsj+NWJJSpQl9fUJg==','2014/Nov/06 13:23:47','o0nxR1fFy6049JEXW4a8ng==','Group2','nadanapathy',12),
 ('titles.txt','oIVtZPphSNeataWKdevMXj9xRRwunOjdxB1QkMq7FJIV6INII/NTIBIsAaVbmJ1krTn7CbA2eh6ypWwrNesA0mBzDv80I7KiN0n5fK47WokRkkJrzcIISR1ZD5nPNdUxp0L7ZEawQr5fKhITKSHLDR5JRzy8MCKq1niGQqpqF6BYj3Ly91E02i7Wrftq3stF9bauEqNHHoqK9O+K9wjsC4p6u8KYaP5Gl2mZ+1jS/d/f9uXK5YsRKe6DnkLsw34s2afRBxnsWLDI3WtQQo15Vn8B71wk/obd6C9L9Xv0ninZTxatVJBKzvVDocqtJ/TNpwbR0oKKcJLyZefQ71NVSowk4iijLEOEpRfpn68FbJcPMQq+fxe2UtcW78HOCnU0','2015/Jul/20 16:33:25','PBS457Sjpz849JEXW4a8ng==','Group1','mani',13),
 ('web_titles.txt','oIVtZPphSNeataWKdevMXj9xRRwunOjdxB1QkMq7FJIV6INII/NTIBIsAaVbmJ1krTn7CbA2eh6ypWwrNesA0mBzDv80I7KiN0n5fK47WomhXA6mw2Ij212KUljowieu0A7tD8IU6My28IBSbdZPzL5WXGfXgJ5RixZ3gfWLvKakPBNJdieSg68ryTG79BJBl5T8LgIjGILqcX5E3Knhm1pSnMbGtbsJtfNsWNeC2XobPCOJuEcMlbO3z0f3xHwSFLShbYt3q/mK8MlbsNgkw5Mne/Uv4BYb4dQNbDK25gosuunkFi0vUUfqt1OeyyYG/0oWZYmh9beh0CI8rRnE5pgOizfIYgP4exIEcVera5iCSWLtMex+2w==','2015/Jul/21 10:56:46','egynXIuhhBQ87EVMZGYGaw==','Group1','venkat',15),
 ('accept.java','aTF6h+meAZ6Z3/ffsrU4OK/QwdYrTTUMl29tC9BpvJ1SLK7V0tXXxsg7XgWCjDxnjyQOu5IcwxrrSpROEW/hTSFiwCfgoDPxvWcDtltEQAZHbRc+QkSHUUZnsvjECHqysnE3MQjObtueGWSgP0aby6t9qgzCbROVljVJPsZDjoZbGpa2CwthKSau6vlW/8oHeQ9JGm3ukORFivqnCb0GWg07doEyS7CYATX9yXWDP9Y0RUXS9B/txL95OLXBj3iGBlWL4vkU8lyRzkn/pdgG0LkZMNRrfP0q0LU36Cb4pnWjIHVuIvuqfh5xHX12T0WH+wpUEhpVyRlPz63LXTguG7IJzMZrqf23uH1ogJNFJKBdrrqA8d95AJiOjDXqTbDlF0XCIfIPbszq62ikxY3S45ZwWcGq68zhEnH7D69uTgK+Ml1Pp1JoterraKTFjdLjlnBZwarrzOGAVURU6niefJXnVzABIVKplqWyBzP0xJe1WcvN1v7zvo0Ky/zkX5itOtwXezMmmF7UGUPHu+HB0ztSgkv5ES2B5HykdIqxxvXrlFQGMhL0SQFL8un/ERI1RU/vTrVa1CXxqOXY5iMieuR8pHSKscb165RUBjIS9En5MsOFNQiIjmn+p416KviThJnfF5mKPIHkfKR0irHG9euUVAYyEvRJ+TLDhTUIiI5p/qeNeir4k2RNqP9jtntpH2Av45H5C2i1WcvN1v7zvo0Ky/zkX5itnp7bqYShtpglB7xYQogzHCr3KaaUs6ut05QwkI1A4QalEaClxAGLznuZjEtp3ALTXGLBJfVSeNZGBoRv6IouzEzrT0rPjc1oe6I9ggvqQ95mXpgeIxwytiva2lxC+qDO6oU4JqZGAmV3K8TjpdKGeDfI7CK+hpoJLk9X+DyltV7mxCr1oLi+As+8BcWTVoTzWJSiwvQWt5557orDwl2oHSf4hI7+XwBFfNH0i02TsSaKQnqmHIE1qpuDugg5r233wbg5wHHSWHgq9ymmlLOrrc2WNB2r6UOebP5bJbPH8AQuT1f4PKW1XjyTO+F7qYFOoL9aDyFe1xWSsrvkRaXnPR+2qbDAZj4AKc4Xd58J7KgQM5qq4GkELWxHJkBT3ecjgBsKWQVjjcSuwcY3pJBbl2jSLIT01tIZCImlDfFXUF5UkABsv/RCh2xHJkBT3ecjLKPOG9k787P0GnKoP0E8Yigt84OSUfrAEhM2+AkEP2Tuo9Ge1QSF94wzgm/WNNlJGQPTPxU90z3gCXWp/dwMsEimLa6B1nHYkJqKuBV4VPHqrkj/sBBSLkUJoeSDKoA402sw307RfRJ8QYOXci81mwYzMGDlkokohGrSAmXLlGHZ3rpAeXC27MbE6qpu0RZwqGYkb19w0g+DSVwcrepCDWZVJMqIcS9nzepG9e3k9TX0OhAP2M4DF3preuAB0ovav+gQ2nD40defDTulLKkY4PmQxypeuFv2JO0yM1AcmE1VaoJ1dLTqf+AJdan93AywKgGW5AzQO3Zkyi80YwbidV8ZFzK/aPsoDa4ExZNtGorIkO7Pj+Xso5u4QQiveBRGInr5qzJKuT3HC7fw81koX2aU6/iD17XuB5v+S735oyN8+J3j0LtR2BRVL1TmHkrn4Al1qf3cDLDjB3eDyRiis7Jnj0JYYOgCq+PeX3v2DHR8QYOXci81m+AJdan93Ayw4wd3g8kYorOyZ49CWGDoAkCz5uvg8btn4Al1qf3cDLDgCXWp/dwMsCK9RN53lIpBTtQuhw/LlPDgCXWp/dwMsAidSeS04WbHX0n4I8fVzlI/v3Jb7loM9OAJdan93Ayw3mUoGfLktqvgCXWp/dwMsFtq5Cna/hUXRl+lSUiC640eh8C0+bbAOFa+o7TiWJblwSmVpBqige61ZbSjtzZMbAYHmnmYlPyHpIo4ZCRPGMES4oR1jnEAxOAJdan93AywjrZc9Ild5luI2heEXE5Bi4jo+v05V127K7374H8cWMUuT1f4PKW1XuXvTfLFax0Dpoe7O8iIXGz+Voiye7nKSEBE3+wnRuDEyvq2DvPQ1MOj3SLcwXjOGZSqusgxe/GlCviJwYlsw5AS4oR1jnEAxOAJdan93AywgizQqIX/U+rgCXWp/dwMsPLDJONqkwY94Al1qf3cDLDHpGyuzNVDkOAJdan93AywjyirEUl2JkO1ZbSjtzZMbD+yXdCt+OonB8Xd7iS64jEy6Ug3799Ec9QZQ8e74cHTCCHzMhrD+w0IJk2RZLJfwAH31hVYgSytfEGDl3IvNZvgCXWp/dwMsAuJtAcA3C6CnefctdgAbuKbxUJw9Q7qFVDjqdmiBvMM4Al1qf3cDLCFaSNF2GVYdVgqki/ivbSqsHn3rcB97Ia/U2k+3ceI/oNFvwkBJwSmroDUjKd5PBSLhMnzSTIhsZ0xX/ZqarqDfEGDl3IvNZtCmRSiK+P0zi5PV/g8pbVeNY+je1XxV2fKN+/zH4/NeWP6RT8P5dGNbEcmQFPd5yMuqKKAzXGkVeAJdan93AywpNjgIZZSh4asGS6N5/xMG0NACGYEYj9D4XT2CX9WqGMuKLGudfNNrNQG7yg+k/msLk9X+DyltV5UIbZ5cMJxw32fpeTwlTdNZ3uk/ERUNxKFtwS9WU+r6A==','2017/Mar/09 10:40:19','ZfWkWac4mdid0DQQuSmrig==','Group1','ganesh',16),
 ('block.java','m2n5/KHUesBGZ7L4xAh6srJxNzEIzm7bDglfc50awArxC31T0jlWpKYp06QLccojJcf0GukyO0RzUEm0bvGwUZ2Vn/ddlXBKMYfe12pUY4KPIZ7cRV/gc6mknEX0pCBsuqAeCj66ugDJ5sUePsPHyHMRVSig1cegpinTpAtxyiOabnZ7dduBOGGDmpEx6eDJPzUWcMqUVCKdGkqtDAEgOgA5OiiFEtZ75OUDI1dnweDIfFj8b+8Ah3Q0e0SjN1BIiTOIZTewd9gLG0bBLtTcnbVZy83W/vO+F5ELircnlkrTOZ6kjBlygIRq0gJly5RhNRqpk8y14S71mbz9uXj+kqNTZRRqPyG5/nZjnxZjgJa1WcvN1v7zvttwW48ZwoqhnsM9o+lpnJThQb020JeJb7BDUH17gzL++h0+HmdZOJkXHtRdVF6XGAEqT3CrdPMUsENQfXuDMv56zgp1fBR/2LEfI65ZgIWVSAvCgsdIIQDkfKR0irHG9euUVAYyEvRJy9Hxkv/YuiKpgmZxhUdxgeREZKikMYce+wpUEhpVyRl/XGNV9uhiTh1AxJ3u9zeQn7dqSh6O+3ViOKO79kAgS/sKVBIaVckZf1xjVfboYk4dQMSd7vc3kNyMAe/GCHlD0hk9AW7tGZT7ClQSGlXJGX9cY1X26GJOHUDEne73N5DcjAHvxgh5Q9IZPQFu7RmUkPbKzA1fEmbkfKR0irHG9euUVAYyEvRJ+TLDhTUIiI5p/qeNeir4k2RNqP9jtntp1td3v4IppVPkfKR0irHG9euUVAYyEvRJ+TLDhTUIiI5p/qeNeir4k8nrPdLBoVITsYjHGxkQj01+/L0rfHohr6W6z/6LSzB4Q/HN1HBJi0KTICnRO8vO2q8qxia59Pt7dM5xWcdxKxHgnuiq8z2xiGZS7YJGzB0wsqsc6OJ5shbiFTKvWaK6yE7ULocPy5Twyb7vH51+pchL6O9OPuOu8Lhm99rp/JIT1EE65rwwymMNGHjKoV1j7O2/HZPqH7Ij6hR/ubeUAVX4A+vonz1Kw3xCdQO1jQaL0hk9AW7tGZTBdmTUyl/5cXjHIu+UT6jc0tPkQDsPE6fgCXWp/dwMsNTj161jGYfKRU/vTrVa1CVhyU7FZliWABvKM4/DkoX42CXk/yeBkZUk3Pjw1L+wiryMFI7Rck5kfK1o9dbzcddchvB1Z07cHBqNBT2uhrmwP6G8Sg5lwNN8QYOXci81m8RSmJnbg6BoSklmz2POgVZTVCppzZhZ/YKubDvcNDqEFwPrMI72i2psRyZAU93nIz9b3GX5gkoEMS17+dmG1bCnwd8QbNlxMlyG8HVnTtwc5VkqDJVomjrdJumWu67kVCO4+KtBSt3hCfI2GRwWBzM9j4hoSj1tge53AqP8W4rfywCuqFIMagbQN908Kfu0a+ngptncUnN9LTFz8i5W0ebdJumWu67kVC2t6L7WhzXHof3U9ArE/JTacezSkEFHrJCxqh82CRT3vvlylxoe2zLdJumWu67kVKpUulI4FzcCkhLI02dsaiWPH26quL3aPW7RPnHWrrxCEYYwAkbWqZxS2AP0aYyMt+AJdan93AywnOcjtaCozBv6YUgN52mLE9wlWlObJX334Al1qf3cDLDw6L0W/5u6vSxkfMjgfIl6F5ELircnlko6ZZ1DuxpgPZELncV17p5lLk9X+DyltV777bWZFTe1TB5xHX12T0WHUHgnerkpZnSEatICZcuUYVI7kqk3F7wmrGZHsd4l4ohfQYm/JvzkLjeXxWI8eD3yKfiYLVBwVjil/Mp//0ASw8zY3xmKTA5YysZ8oifDEzNkn2dxw/t51OSWDcvW7xkx0m5GJBFk18jgCXWp/dwMsIjvSuj6ftDe1YOXA/Y7174IZh497N2EwJwdLLtJv2A4GgY4jD3FuWhJqg79oEbrdgiDASGbRU/0NJI5UzuX1tj32rklvSoHA7k4zkZ/EprLbyUXrFctjPs8CFkz4waFKXAOJxVepp5PLk9X+DyltV7gCXWp/dwMsAY/OZyFhj8Xi8LYRzxR4GlHKf1hRqP3a90m6Za7ruRU4Al1qf3cDLDV3raP7MOrwjlIHYv9eMI/HyuJuIuStdhsRyZAU93nI+AJdan93AywBj85nIWGPxeUTOBgo1UCHcukInhDZXItTtQuhw/LlPDgCXWp/dwMsAidSeS04WbHX0n4I8fVzlI/v3Jb7loM9OAJdan93Ayw3mUoGfLktqvgCXWp/dwMsFtq5Cna/hUXRl+lSUiC640eh8C0+bbAOFa+o7TiWJblwSmVpBqige61ZbSjtzZMbIdbJufFr4o87N4mWFUXsi/dJumWu67kVOAJdan93Aywd3dzFxPkMJiUShRlprDtOodxvPuXniRSOoRR9pWGVohsRyZAU93nIxZOFIM51Ucgjx9uqri92j1ZHK0K9YLSfkmEReTfBHmVqRk93DjhKEXbr6Fo/ucF02NaNygbPqveFANNypBe2gDdJumWu67kVOAJdan93AywoZSU9OBi3nBmLFRFvWftPqz0bYX5MHvD4Al1qf3cDLAuqKKAzXGkVeAJdan93Aywjy0EflWxfhQQp7kQ1un//4BZCUTPLMxhqX8xD+nZCoiXqDAkgGZkRCrzVYooznVj/K4q5zCRpJkJQs2u1qnmnBi8BsKMRXeELk9X+DyltV6oPgu14uiIWvHXyCnnIpGueizh+kNW7RHP+nb/Zc04iDZOIuSGn8a24Al1qf3cDLBeYqWeei3KQ9px7NKQQUesxnER/YlkdwF8hAgca7mo3gPsQi33L2/9710Sz6r+jMskOrrID/xspO9uEu57hXV74Al1qf3cDLBUIbZ5cMJxw4UTYjInR6Q/pEvYUF/vxerVCChVtJMl99LT5EA7DxOnHf1v2BztQjrgCXWp/dwMsBCxZVvA/vlmGmKOpxY7YmUPe8QacuJhYnfoQfLeVx8UEZMe+iF+pxAK+InBiWzDkBLihHWOcQDEt80COxW/4EbgCXWp/dwMsDNTfCcMaaKLxylESEmoYCiJJSpQl9fUJg==','2017/Mar/09 10:55:05','nq+tfIXyTR1gkCCaOzFKaQ==','Group1','shiva',17),
 ('meta.java','qMBHI58Pj0l/1k+2Ixkiya1fGri9hvi89coo0AMGQBLzEWtD4IykocC08aEF9tlRqzvQmoRTHgbafS1uCxXgZFWbnwykDSPIhspKTzQrccfKSdWQezxjP5nf99+ytTg4r9DB1itNNQzYJQ/3TmVTN/xqENlbXVtlZti9nYjEKOdkLYoJ14R9bDQod0IKcicV4LNEhJ2vgVS2/WV2WJMpL54ZZKA/RpvLp0fxIIU31wr2lz/hfXFFdWlRKtWMb6tvmVLLf18qHqlvO8yaD+WoY48ioygJpp+KLtisjnabEp+usqrSrzy0FzUaqZPMteEu9Zm8/bl4/pI8Q0bpQ49+t790sRbQTOcwtVnLzdb+876FBD6x/d22Jl5FLYGQG/CXdEJggk15ngOwQ1B9e4My/vodPh5nWTiZFx7UXVRelxgBKk9wq3TzFLBDUH17gzL+es4KdXwUf9ixHyOuWYCFlUgLwoLHSCEA5HykdIqxxvUNl+Vw9mH496C8CUH1eJRiTjSIwm881FiwQ1B9e4My/g+7NKHKraZRSAvCgsdIIQDkfKR0irHG9euUVAYyEvRJy9Hxkv/YuiKpgmZxhUdxgeREZKikMYce+wpUEhpVyRl/XGNV9uhiTh1AxJ3u9zeQn7dqSh6O+3ViOKO79kAgS/sKVBIaVckZf1xjVfboYk4dQMSd7vc3kNyMAe/GCHlD0hk9AW7tGZT7ClQSGlXJGX9cY1X26GJOHUDEne73N5DcjAHvxgh5Q9IZPQFu7RmUkPbKzA1fEmbkfKR0irHG9euUVAYyEvRJ+TLDhTUIiI5p/qeNeir4k2RNqP9jtntp1td3v4IppVPkfKR0irHG9euUVAYyEvRJ+TLDhTUIiI5p/qeNeir4k8nrPdLBoVITXdY3x1gTljK70lsNByG4TVwfHjOBD3aD+rCJGuXhP9TO2w+F56ijYAF9wayW4zG+s1TT3b/RarOD/vwg1QIuqeO+LOCJCXVzQO3n1pYUnzGDvtDOXL17/jfmXCriXU3C0rSA/xzLON3dVCKguBibtp0vuMLMJ4mfZE2o/2O2e2m6fFtM/FPl5igt84OSUfrA6Y4Wiw2gJGiMM4Jv1jTZSdT14ro4u288DlcNxhquJWtec9V5SHeZ7I9s843fwjiy2IXR2ivRi889UkjqsQSm+q43qwVf7dlEAbjeFXI3JUGYhtkkUoWz6LFiT9hbyGTE37UbioDC5f5Uol//u8cEZOAJdan93AywOHXDetleC6p140QeHhnQubqzkOj4aoFr/l/b+J3130B8QYOXci81mz8k1/9XxmcP5xZwuaENFbKWJbCXY4h5gZiG2SRShbPoPyat+fiVDBMSJ6rmmMBd5OAJdan93AywHLmnX/wepRGcm3xG9//UN+CuYZFACmu4A8Nd1WsDsqqeB431qIgkD97KSaxpQvhEzLQeTaEi/Yb6YUgN52mLE40DxYuC2qIMCBBYoUPcbQ34DeQTXpiUWQvBVcezqj/M3Sbplruu5FQQ+7BlcyytYwcZLivHXipsY/pFPw/l0Y1sRyZAU93nIy6oooDNcaRV4Al1qf3cDLDhBodxteK6a2z03eU/tsFgNEOGbjQXbmVhRa9U+MsV22xHJkBT3ecjJNz48NS/sIqPKKsRSXYmQ7VltKO3NkxsP7Jd0K346idHRaQgq8W0speoMCSAZmREKvNViijOdWP8rirnMJGkmf4I4WrxhEbosiuen9ZM+fHgCXWp/dwMsAuJtAcA3C6CnefctdgAbuKbxUJw9Q7qFVDjqdmiBvMMM1N8Jwxpoot9fmXYkHcOL0J4xaG8JgLC','2017/Mar/09 15:28:41','XJqBxlZPaIgjm57bAD5nvQ==','Group1','ganesh',20),
 ('search.java','BlWL4vkU8lwA2VpjEyQk5vJnHsQR6B5fcXnS6YSa4HYdQMSd7vc3kH7pymtnJCjGois+Xl+Of7E7VijIlQTX2+uUVAYyEvRJ90CN29C+9jY7VijIlQTX2+uUVAYyEvRJ+TLDhTUIiI5wKaoYEK8Kj48ioygJpp+K2syk4f1Dx6s8LWDkw1fbRE/PrctdOC4b7rZFMg2qisSWcFnBquvM4d45/lfaIzgB6CloB5ayEp+1WcvN1v7zvoUEPrH93bYmfomYcNIakRCstZ0Onj0QeV2uuoDx33kA7cyoG0DHM049fEXoFl97bJNmmY16gO47KPE94n8Um6p74A5Imy8jXH12Q+UdP9rFXeu9penK6R4Myuiyw+iS5hGvcnAktxkIMqJJO42JbmKyqxzo4nmyFuIVMq9ZorrIFVstl5aexNhV2eFaMIGv9q1HjE36jQqn5TnJps/KHioUVbllTfpuNuNy2wmsVsTcg77Qzly9e/435lwq4l1NwtK0gP8cyzjd3VQioLgYm7adL7jCzCeJn2RNqP9jtntpunxbTPxT5eYoLfODklH6wHf0jJDs7taM5NrQBuXpVYKqCqJwtCNiA2qbyn05un+K1QgoVbSTJfe6d0Wttdh64QCzAbo2N+jjqeGKqd1uLeJldRifD/8+/JgTmww0w5VAhhluiGUmZjNPobIKi2TLp47ZZsMaHXvLYJ7hROpWVElm5ZdbTB3+OxdFwiHyD27MQjWEfEVr+Px4xyLvlE+o3CoD6Ly7xEDvbOpy4r8S9/5aHtRLgJD0j9Dv3NSkaT7y9Zc0HQM90TlKp3wI7/cqO6cc5cnEdG4jLvXx9+7VToO2vev7BlBuJBYWxLTMcUg092wE7OME7UQ8MClLcgA4lBqUyHMrINla5Cjg3en7pSLw2csn9DeznA10+iaWmkBSaKzU5K2sYpNRpHwr8JmLruAJdan93AywZpkwTO7Zs3vacezSkEFHrGbrcs0R3/uxgLgDN/v/3S1xa9KiI81C3uxK24S67rZb4Al1qf3cDLBEnJcNR6oQ2SIyN9+h0EfSSdhnPSBg5Z+mNTuHKvGESp7MDSEjAcQ6oSyi5BNNKergCXWp/dwMsFWQOD08yTeyQce0+XAtfNS0yvAURfybgen8VUihjMeifz0RHj9UasPgCXWp/dwMsEJJuuhzpY3joGqbYCb0E8wtCGJQk759h5ybfEb3/9Q3S4OQTj6UuUt6zNfXpNeuwqrQr9BEBpb94Al1qf3cDLCz7BBeRWAC529L3imgo/YmjDrA4aVze6PdooD1Kxfuym7sEIV/3P9+Z+fz863NSzbyqRB3IPJdQeAJdan93AywQep0Bi+Jr2kUUGwTgIMcFbY18/4uqvk9GWP7cNKclJNpnEpq4jDSAqX4tlKSTN0V2a20HZsPBgG6bapAxBWIJ5Mv1kVylj9gpWMgk3nA94mbaWfL9EhobvubUUiemxRO3Uvfa0xUjmX3kAGLv72cheoH2Ffsgmbcgm2AkXCDACYnfF8ypO8m/GxHJkBT3ecj4Al1qf3cDLCfXE9iUnyEJ0imLa6B1nHYkJqKuBV4VPHqrkj/sBBSLkUJoeSDKoA402sw307RfRIH+mgXwuQI/B5xHX12T0WHwGCM17zuL/sXHtRdVF6XGMX6eOq9EgIahGrSAmXLlGEPvKysehlcZQOgJZtxm5/rGtjkOPhZKuJw3+1eqmyaT5plQiaGrAOFeso5QXYeBwb/lUZK3Wn8gpmwn9rRR35uXjq3Tb0Zi1C1txZ1qK82bFatpZUkFEkap6O8R768bEehLKLkE00p6nqv2LkvtwWplVnAt1AVWWvKyuvhhoA5/jfdBylz95qVXuktsgU/Kx7gCXWp/dwMsBD563D5Z5N24Al1qf3cDLA1j6N7VfFXZ8o37/Mfj815J5vCx8rzHATgCXWp/dwMsBUIErUdHfQwFk4UgznVRyCPH26quL3aPVkcrQr1gtJ+a263uidUe/dk0VLh8+QNa7qFBkUyZjdcSenXTb2Lx4dCmRSiK+P0zjJM6JGQvCdn4Al1qf3cDLBA6w7QMMrcDF5AXS9eIkyxJYefuNQUwFSSgMHA/TTg6gtscsN6peOJiH8Jo7nZIfle6S2yBT8rHsbE6qpu0RZwGtC7JoNkkStjBrQ2/Jir2bt+MbfZjfVDvLtiDzF8TR6CQ/t0AcMzV/FH6Tysf4K2u1uJ+n+HR6nDKDzmIpzIIsffobq7jX4j5OaD9RBhkWuyKEiYicdCb0UDPKSw3X3kHjCfAq+9IxpnJ50V0FfuZXYeAqLxtSGlENbbfgF9tXqhx5yvMonqb54ck/Ti0TxFX0n4I8fVzlJl2bd+d8/uWyH5ZSaGfGGr6Pgg7SgMHKHgCXWp/dwMsJwf2B0+AQS44Al1qf3cDLBn5/Pzrc1LNuAJdan93AywRieLDB+PQ9liDGAWOXf75fdavIpbgHa8G1vt51kSoKl1ugKq2x8JOeAJdan93AywpNjgIZZSh4asGS6N5/xMG0NACGYEYj9D4XT2CX9WqGMuKLGudfNNrNQG7yg+k/msbEcmQFPd5yOD7Yz1JcAaXOAJdan93Ayw4Al1qf3cDLB5Uve8xAIMLivsgQfso9afVyTaqe52pQUsGty7+hViahbtlK03fMLdIx+GqK93JglfsoBN2A4ahvtyJQXacvFGJnzrlHx9LrU2TSUJKPZR9xup1pe7PqGkoC3jXfoDmbKiLqqBB8vnuI422QYo12PFsRnEBhTE60P0CNxjlfmWIbqlE2n4dSZT12w2OVvIbLT1NZnQZ8PYwPkijAQctb0RKgGW5AzQO3Zkyi80YwbidV8ZFzK/aPsoDa4ExZNtGorIkO7Pj+Xso1NKuPsfVFqB6q0BDo+w+qUgPl+HTIg2+5RRq5Vyj7ZquC90OGjBKT1BX6wktCvI6uAJdan93AywEPnrcPlnk3bgCXWp/dwMsBD563D5Z5N2zOGQQnAWT9CELwX9QaRJjrPsEF5FYALn9A9lLMzKUWjgCXWp/dwMsM2CdM0zu1QVByubon0ubahvHgkwljVToeAJdan93Ayw4Al1qf3cDLAdwpl/7Tt2TZwf2B0+AQS4+vFU9a16JEAYjVzCZzGctPdavIpbgHa8G1vt51kSoKl1ugKq2x8JOeAJdan93AywpNjgIZZSh4asGS6N5/xMG0NACGYEYj9D4XT2CX9WqGMuKLGudfNNrNQG7yg+k/msbEcmQFPd5yOD7Yz1JcAaXJwf2B0+AQS44Al1qf3cDLATRqKt0ChTPzlmIJz+ARIvhhqD7Bz1y8U3Bkwp3AxEswuGkRx0iZs3h7D1bEdos4kpnqmxN3vo69pR8U6gRY5tHybBLbXoEbun3CQEYW9EgFhk63TZ6cnniEZWRegz3f031ZuE3FJDG5mioxMERIqd+FRR+dO//xk7DBen7xJFVwZ1sGW/423OTAwNviVLWk4s2S288hA94qpzCZT8JWjBt5crfYOkK9mX7Q2c5smx/i1UT23V86WoYgxgFjl3++X3WryKW4B2vA5Sf+BgxbX2W5HssNqVxrYkBdkc+yjrkmTKE+4zyc8of6VzzOzBcLgQp7kQ1un//1z/ALiZEF9xevmuVZYA2pqKQnqmHIE1qhCnuRDW6f//6yigOMLo448wyaOs5F4shsbUy7V1s2z9O/3M1OG3q+fLtvp/UN8YvyvFuy7YsAgR4Al1qf3cDLCRArUIVi6jD3HrZuKvkj79','2017/Mar/09 15:28:41','eIdoix7OJG+d0DQQuSmrig==','Group1','ganesh',21);
/*!40000 ALTER TABLE `upload` ENABLE KEYS */;




/*!40101 SET SQL_MODE=@OLD_SQL_MODE */;
/*!40014 SET FOREIGN_KEY_CHECKS=@OLD_FOREIGN_KEY_CHECKS */;
/*!40014 SET UNIQUE_CHECKS=@OLD_UNIQUE_CHECKS */;
/*!40101 SET CHARACTER_SET_CLIENT=@OLD_CHARACTER_SET_CLIENT */;
/*!40101 SET CHARACTER_SET_RESULTS=@OLD_CHARACTER_SET_RESULTS */;
/*!40101 SET COLLATION_CONNECTION=@OLD_COLLATION_CONNECTION */;
/*!40101 SET CHARACTER_SET_CLIENT=@OLD_CHARACTER_SET_CLIENT */;
